"createdAt","domain","shortCode","shortUrl","longUrl","title","tags","visits"
"2023-09-10T15:52:24+00:00","c.051215.xyz","M38AFp","https://c.051215.xyz/M38AFp","https://ckhope.github.io/videoct/kt1/100923/i/s/p/linkzyFfxIpWdpKmUJpxxx11.html","","100923videoct",0
"2023-09-10T15:52:24+00:00","w.112931.xyz","J7Vdsf","https://w.112931.xyz/J7Vdsf","https://ckhope.github.io/videoct/kt1/100923/m/t/z/linkHuRothtBbNUTRKgxxx11.html","","100923videoct",0
"2023-09-10T15:52:24+00:00","k.073244.xyz","F4A77K","https://k.073244.xyz/F4A77K","https://ckhope.github.io/videoct/kt1/100923/k/t/a/linkuqygwONMLETFWxoxxx11.html","","100923videoct",0
"2023-09-10T15:52:24+00:00","c.130592.xyz","cyabRm","https://c.130592.xyz/cyabRm","https://ckhope.github.io/videoct/kt1/100923/o/y/p/linkkyJfkPctxRhuxpxxxx11.html","","100923videoct",0
"2023-09-10T15:52:24+00:00","i.131291.xyz","jLoHco","https://i.131291.xyz/jLoHco","https://ckhope.github.io/videoct/kt1/100923/r/e/r/linkCkdbJzMKPOjhRWMxxx11.html","","100923videoct",0
"2023-09-10T15:52:24+00:00","e.135168.xyz","Be4xuT","https://e.135168.xyz/Be4xuT","https://ckhope.github.io/videoct/kt1/100923/t/e/l/linkraZVpbLYjenpxFIxxx11.html","","100923videoct",0
"2023-09-10T15:52:24+00:00","c.250499.xyz","CK3Tiz","https://c.250499.xyz/CK3Tiz","https://ckhope.github.io/videoct/kt1/100923/u/g/i/linkxDmXjIbphBaumnkxxx11.html","","100923videoct",0
"2023-09-10T15:52:24+00:00","l.329790.xyz","et0Sed","https://l.329790.xyz/et0Sed","https://ckhope.github.io/videoct/kt1/100923/u/l/o/linkqLNwQVSeIySSsLCxxx11.html","","100923videoct",0
"2023-09-10T15:52:23+00:00","h.051215.xyz","MggCpk","https://h.051215.xyz/MggCpk","https://ckhope.github.io/videoct/ctbh/100923/k/e/a/linkKtXCKPIBNJktPdexxx11.html","","100923videoct",0
"2023-09-10T15:52:23+00:00","n.051215.xyz","TyBuD0","https://n.051215.xyz/TyBuD0","https://ckhope.github.io/videoct/9b/100923/d/n/e/linkSnidSIylaiGnARSxxx11.html","","100923videoct",0
"2023-09-10T15:52:23+00:00","l.250499.xyz","hNRLWa","https://l.250499.xyz/hNRLWa","https://ckhope.github.io/videoct/9b/100923/r/s/o/linkzYjNTxdXPbMnbDexxx11.html","","100923videoct",0
"2023-09-10T15:52:23+00:00","h.073244.xyz","ygCCTZ","https://h.073244.xyz/ygCCTZ","https://ckhope.github.io/videoct/ctbh/100923/m/u/l/linkumFZCJfNZNwGQbmxxx11.html","","100923videoct",0
"2023-09-10T15:52:23+00:00","c.112931.xyz","BHLc2W","https://c.112931.xyz/BHLc2W","https://ckhope.github.io/videoct/ctbh/100923/o/m/j/linkWXFmbmcfTvyWdvbxxx11.html","","100923videoct",0
"2023-09-10T15:52:23+00:00","6.587079.xyz","HK0nVe","https://6.587079.xyz/HK0nVe","https://ckhope.github.io/videoct/ctbh/100923/g/h/x/linkYcCTzJlOseenzyVxxx11.html","","100923videoct",0
"2023-09-10T15:52:23+00:00","x.135168.xyz","opwPJz","https://x.135168.xyz/opwPJz","https://ckhope.github.io/videoct/ctbh/100923/x/a/e/linkRyqqVPKsXBNellyxxx11.html","","100923videoct",0
"2023-09-10T15:52:23+00:00","t.130592.xyz","xO8Dxf","https://t.130592.xyz/xO8Dxf","https://ckhope.github.io/videoct/ctbh/100923/s/u/y/linkPpljaEtGEeyQyoxxxx11.html","","100923videoct",0
"2023-09-10T15:52:23+00:00","1.250499.xyz","GkkFyt","https://1.250499.xyz/GkkFyt","https://ckhope.github.io/videoct/ctha/100923/d/f/b/linkoeVhXfBDhJtazSBxxx11.html","","100923videoct",0
"2023-09-10T15:52:23+00:00","5.329790.xyz","xVaeRH","https://5.329790.xyz/xVaeRH","https://ckhope.github.io/videoct/ctha/100923/e/q/q/linkvlfmhGjfIOfDesPxxx11.html","","100923videoct",0
"2023-09-10T15:52:23+00:00","4.340137.xyz","XmE5V4","https://4.340137.xyz/XmE5V4","https://ckhope.github.io/videoct/ctha/100923/n/a/m/linkGkMbBYFzAtqswoxxxx11.html","","100923videoct",0
"2023-09-10T15:52:23+00:00","z.369811.xyz","ByzqhF","https://z.369811.xyz/ByzqhF","https://ckhope.github.io/videoct/ctha/100923/n/r/x/linkXTcYnWIOZnGWkXYxxx11.html","","100923videoct",0
"2023-09-10T15:52:23+00:00","x.477140.xyz","ZDGqYa","https://x.477140.xyz/ZDGqYa","https://ckhope.github.io/videoct/ctha/100923/p/w/f/linkfKXmbVCBABPEISRxxx11.html","","100923videoct",0
"2023-09-10T15:52:23+00:00","r.967884.xyz","EZNOE1","https://r.967884.xyz/EZNOE1","https://ckhope.github.io/videoct/ctbh/100923/i/v/g/linkyUcoUqMYBCWXKmkxxx11.html","","100923videoct",0
"2023-09-10T15:52:23+00:00","m.587079.xyz","s9eZ6Q","https://m.587079.xyz/s9eZ6Q","https://ckhope.github.io/videoct/ctha/100923/t/b/z/linkaMGdxAJJKLvZcUyxxx11.html","","100923videoct",0
"2023-09-10T15:52:23+00:00","y.967884.xyz","7vo3p1","https://y.967884.xyz/7vo3p1","https://ckhope.github.io/videoct/ctha/100923/v/f/c/linkTtWFhaZCPIiZkrJxxx11.html","","100923videoct",0
"2023-09-10T15:52:23+00:00","r.477140.xyz","JzJVZU","https://r.477140.xyz/JzJVZU","https://ckhope.github.io/videoct/ctbh/100923/e/d/w/linkxIdUyYFhjiBQmyDxxx11.html","","100923videoct",0
"2023-09-10T15:52:23+00:00","g.051215.xyz","vAECBk","https://g.051215.xyz/vAECBk","https://ckhope.github.io/videoct/ctha/100923/v/s/c/linkgNiifQqJULgMZyPxxx11.html","","100923videoct",0
"2023-09-10T15:52:23+00:00","e.738586.xyz","nI8IWc","https://e.738586.xyz/nI8IWc","https://ckhope.github.io/videoct/ctha/100923/u/h/z/linkGYXoGqvcHuuslENxxx11.html","","100923videoct",0
"2023-09-10T15:52:23+00:00","q.073244.xyz","7eOUiC","https://q.073244.xyz/7eOUiC","https://ckhope.github.io/videoct/ctha/100923/x/x/v/linkGWabsPGYBGOeSbexxx11.html","","100923videoct",0
"2023-09-10T15:52:23+00:00","9.130592.xyz","ky0Ew1","https://9.130592.xyz/ky0Ew1","https://ckhope.github.io/videoct/ctth/100923/g/a/d/linkjrZUGGrBtXtmAEvxxx11.html","","100923videoct",0
"2023-09-10T15:52:23+00:00","b.131291.xyz","Pk619p","https://b.131291.xyz/Pk619p","https://ckhope.github.io/videoct/ctth/100923/g/s/l/linkbuVqlRUXNGktRbdxxx11.html","","100923videoct",0
"2023-09-10T15:52:23+00:00","g.135168.xyz","6wbPV8","https://g.135168.xyz/6wbPV8","https://ckhope.github.io/videoct/ctth/100923/m/k/s/linkYouKcLbnauRwaEUxxx11.html","","100923videoct",0
"2023-09-10T15:52:23+00:00","s.329790.xyz","9phKc9","https://s.329790.xyz/9phKc9","https://ckhope.github.io/videoct/ctth/100923/q/v/f/linkPaJvTCxDEEDSZmixxx11.html","","100923videoct",0
"2023-09-10T15:52:23+00:00","n.112931.xyz","HxNuAm","https://n.112931.xyz/HxNuAm","https://ckhope.github.io/videoct/ctth/100923/f/p/q/linkheKMZoJIKVUJigoxxx11.html","","100923videoct",0
"2023-09-10T15:52:23+00:00","k.369811.xyz","UpHi8d","https://k.369811.xyz/UpHi8d","https://ckhope.github.io/videoct/ctth/100923/s/i/z/linkXyYpvOEcbueDZJqxxx11.html","","100923videoct",0
"2023-09-10T15:52:23+00:00","6.250499.xyz","t2iU8N","https://6.250499.xyz/t2iU8N","https://ckhope.github.io/videoct/ctth/100923/p/z/u/linkfCCTkQKelennPVTxxx11.html","","100923videoct",0
"2023-09-10T15:52:23+00:00","m.340137.xyz","cSxYBS","https://m.340137.xyz/cSxYBS","https://ckhope.github.io/videoct/ctth/100923/r/u/w/linkzlOlDgbiJVEOKkRxxx11.html","","100923videoct",0
"2023-09-10T15:52:23+00:00","7.477140.xyz","nyoLzY","https://7.477140.xyz/nyoLzY","https://ckhope.github.io/videoct/ctth/100923/t/t/j/linkUiccFMHEwVrZPBOxxx11.html","","100923videoct",0
"2023-09-10T15:52:23+00:00","m.587079.xyz","0kbGXP","https://m.587079.xyz/0kbGXP","https://ckhope.github.io/videoct/ctth/100923/y/b/v/linkALHDaAnvVHABZvMxxx11.html","","100923videoct",0
"2023-09-10T15:52:23+00:00","e.738586.xyz","IMHDfI","https://e.738586.xyz/IMHDfI","https://ckhope.github.io/videoct/kt1/100923/d/l/u/linkyBgWtYKSGlPGHhTxxx11.html","","100923videoct",0
"2023-09-10T15:52:23+00:00","b.967884.xyz","DiNDWV","https://b.967884.xyz/DiNDWV","https://ckhope.github.io/videoct/kt1/100923/f/q/y/linkcivpnOQyPeOPCgVxxx11.html","","100923videoct",0
"2023-09-10T15:52:22+00:00","x.130592.xyz","Ez790i","https://x.130592.xyz/Ez790i","https://ckhope.github.io/videoct/9b/100923/m/z/u/linkQfPbRGMsUZbxDJZxxx11.html","","100923videoct",0
"2023-09-10T15:52:22+00:00","g.738586.xyz","JE2Drr","https://g.738586.xyz/JE2Drr","https://ckhope.github.io/videoct/ctbh/100923/i/u/e/linktcgfCHXBTYDHzMbxxx11.html","","100923videoct",0
"2023-09-10T15:52:22+00:00","k.131291.xyz","yttWD9","https://k.131291.xyz/yttWD9","https://ckhope.github.io/videoct/ctbh/100923/t/v/v/linktVNfDpzLcBfRHAgxxx11.html","","100923videoct",0
"2023-09-10T15:52:22+00:00","y.135168.xyz","DJwuFT","https://y.135168.xyz/DJwuFT","https://ckhope.github.io/videoct/9b/100923/q/h/l/linkEkCscRBmpiloFjMxxx11.html","","100923videoct",0
"2023-09-10T15:52:22+00:00","x.329790.xyz","kYxKP5","https://x.329790.xyz/kYxKP5","https://ckhope.github.io/videoct/9b/100923/r/x/p/linknNtLXmGAdhxvVHDxxx11.html","","100923videoct",0
"2023-09-10T15:52:22+00:00","m.369811.xyz","C4tCMw","https://m.369811.xyz/C4tCMw","https://ckhope.github.io/videoct/9b/100923/y/j/q/linkTdwHnBgUNJitsudxxx11.html","","100923videoct",0
"2023-09-10T15:52:22+00:00","c.131291.xyz","nnTYZQ","https://c.131291.xyz/nnTYZQ","https://ckhope.github.io/videoct/9b/100923/n/i/e/linkVCIvcxsDIRlNEcbxxx11.html","","100923videoct",0
"2023-09-10T15:52:22+00:00","w.112931.xyz","08OFyv","https://w.112931.xyz/08OFyv","https://ckhope.github.io/videoct/9b/100923/h/k/f/linkTuOjYWhPawqVgRkxxx11.html","","100923videoct",0
"2023-09-10T15:52:22+00:00","b.340137.xyz","HGLW1y","https://b.340137.xyz/HGLW1y","https://ckhope.github.io/videoct/9b/100923/s/p/q/linkBGLyCkiKCYfPHhHxxx11.html","","100923videoct",0
"2023-09-10T15:52:22+00:00","1.073244.xyz","VxIGPP","https://1.073244.xyz/VxIGPP","https://ckhope.github.io/videoct/9b/100923/d/u/z/linkIVmbnBsNuMcKAduxxx11.html","","100923videoct",0
"2023-09-03T08:29:58+00:00","i.477140.xyz","KlEg5B","https://i.477140.xyz/KlEg5B","https://ckhope.github.io/videoct/ctha/030923/n/i/s/linkCwzGDiEwEVgLCYSxxx11.html","","230823videoct",1
"2023-09-03T08:29:58+00:00","x.967884.xyz","KPsxgp","https://x.967884.xyz/KPsxgp","https://ckhope.github.io/videoct/ctha/030923/t/l/v/linkZKldIeSTxTGsuMIxxx11.html","","230823videoct",13
"2023-09-03T08:29:58+00:00","1.340137.xyz","yIAYoD","https://1.340137.xyz/yIAYoD","https://ckhope.github.io/videoct/ctha/030923/e/b/k/linkTEQOiOBRAEMzQgfxxx11.html","","230823videoct",16
"2023-09-03T08:29:58+00:00","c.329790.xyz","vq7HNT","https://c.329790.xyz/vq7HNT","https://ckhope.github.io/videoct/ctha/030923/c/v/g/linktRTMTBBAMSgCtWexxx11.html","","230823videoct",3
"2023-09-03T08:29:58+00:00","y.369811.xyz","Qrexx6","https://y.369811.xyz/Qrexx6","https://ckhope.github.io/videoct/ctha/030923/l/q/z/linkrMuNGKebyHNkxPNxxx11.html","","230823videoct",0
"2023-09-03T08:29:58+00:00","5.587079.xyz","GWAVOA","https://5.587079.xyz/GWAVOA","https://ckhope.github.io/videoct/ctha/030923/q/c/x/linkhcqpAddvQfQCCDxxxx11.html","","230823videoct",0
"2023-09-03T08:29:58+00:00","0.738586.xyz","HUgHKm","https://0.738586.xyz/HUgHKm","https://ckhope.github.io/videoct/ctha/030923/r/n/y/linkqmfAXMNvnFPKlJhxxx11.html","","230823videoct",21
"2023-09-03T08:29:58+00:00","l.250499.xyz","pERtxF","https://l.250499.xyz/pERtxF","https://ckhope.github.io/videoct/ctha/030923/c/c/f/linkgOTuMELqVGFDVOnxxx11.html","","230823videoct",10
"2023-09-03T08:29:58+00:00","c.051215.xyz","T1zpwK","https://c.051215.xyz/T1zpwK","https://ckhope.github.io/videoct/ctha/030923/y/u/w/linkoEzQVablWFZthszxxx11.html","","230823videoct",23
"2023-09-03T08:29:58+00:00","o.131291.xyz","3oWL3v","https://o.131291.xyz/3oWL3v","https://ckhope.github.io/videoct/ctth/030923/g/k/x/linkUfuXhXYRDwyXmrXxxx11.html","","230823videoct",35